Sample_name	Combo_names	fastq1
MEF_1	MEF	044419.0037298.0039962.fastq
MEF_2	MEF	044417.0037296.0039960.fastq
MEF_3	MEF	044418.0037297.0039961.fastq
MEF_4	MEF	049908.0051616_TTACCGCGCA_L003_R1_001.fastq
Empty_SKM_1	Empty_SKM	044389.0037268.0039932.fastq
Empty_SKM_2	Empty_SKM	044388.0037267.0039931.fastq
Empty_SKM_3	Empty_SKM	044387.0037266.0039930.fastq
